{
  "fault_type": "rolling_element",
  "fault_type_probability": 0.31,
  "fault_type_probabilities": {
    "normal": 0.09,
    "inner_race": 0.14,
    "outer_race": 0.22,
    "rolling_element": 0.31,
    "cage": 0.24
  },
  "severity": "medium",
  "severity_probability": 0.37,
  "severity_probabilities": {
    "normal": 0.2,
    "early": 0.35,
    "medium": 0.37,
    "late": 0.08
  },
  "all_detected_faults": [
    "rolling_element",
    "cage",
    "outer_race"
  ],
  "all_detected_probabilities": [
    0.31,
    0.24,
    0.22
  ],
  "multi_fault_details": [
    {
      "fault_type": "rolling_element",
      "probability": 0.31
    },
    {
      "fault_type": "cage",
      "probability": 0.24
    },
    {
      "fault_type": "outer_race",
      "probability": 0.22
    }
  ],
  "is_multi_fault": true,
  "rule_based_detection": {
    "fault_scores": {
      "inner_race": 0.0,
      "outer_race": 0.0,
      "rolling_element": 0.0,
      "cage": 0.0
    },
    "detected_faults": []
  },
  "feature_importance": {
    "method": "model",
    "importance": [
      0.003390362775627218,
      0.005271118832180864,
      0.005430565297117037,
      0.004915339709714617,
      0.0071285780695430154,
      0.004803969877344342,
      0.008517485598603512,
      0.007448054855670509,
      0.002756607979956521,
      0.003435855755927761,
      0.0045964031694604125,
      0.0030883154993697395,
      0.00782123673074078,
      0.00214915636734285,
      0.007259233350203666,
      0.003636047104707419,
      0.004226188694399279,
      0.00820939098924276,
      0.002427423603667586,
      0.00279457938852833,
      0.005446482598670687,
      0.006214636517979902,
      0.004761013946601884,
      0.00630593329026086,
      0.003216847981946115,
      0.006098622620809188,
      0.002971229688903188,
      0.003899181340570472,
      0.0022967578847343287,
      0.004203139267149837,
      0.003308951611863786,
      0.003811248503572559,
      0.004115996910818114,
      0.008250676254272263,
      0.0,
      0.0,
      0.002921511132573592,
      0.004113799052032498,
      0.0009362067110912563,
      0.0014690391262122853,
      0.0012265862475952477,
      0.0011337728754182333,
      0.0,
      0.0,
      0.0,
      0.0,
      0.0013403291732764356,
      0.001237908378647175,
      0.0012508064708720416,
      0.0012854839465207507,
      0.0010827024767434729,
      0.0013521373299518738,
      0.001859416099154279,
      0.0012288483789615612,
      0.0,
      0.0,
      0.0,
      0.0,
      0.0012604886257013338,
      0.0012330474944944217,
      0.001372783648724799,
      0.0007330082822861531,
      0.0012528955528922025,
      0.0009193517333093201,
      0.0022169403400294258,
      0.0013138091160120762,
      0.0019851174655655624,
      0.002441452342198661,
      0.0012051525363305873,
      0.0018055380323390654,
      0.0010163888564333622,
      0.0014086577007452375,
      0.0015196528697287738,
      0.002046113294135068,
      0.001490935875908496,
      0.0012935655117158303,
      0.0020807580422164667,
      0.0018931444640707617,
      0.0011381600264499336,
      0.0012753963355219707,
      0.0008336713701018416,
      0.0013305538401050285,
      0.000961091071044831,
      0.0009642456214789508,
      0.0010404885718237533,
      0.0010183271911096542,
      0.0009028316399715269,
      0.0009226103179658771,
      0.0007509424296497884,
      0.0016612383364879718,
      0.0009111469212115817,
      0.0023416025752774246,
      0.0015315401698981234,
      0.0013261226891402357,
      0.0004992983384904566,
      0.0008593229434808042,
      0.00133984905883242,
      0.002525901273969504,
      0.0019979505125592677,
      0.0011122920979699763,
      0.002608849988346905,
      0.002493994777721318,
      0.0018116706279924868,
      0.0017176556085891298,
      0.0012452731946076408,
      0.0009776129289674033,
      0.0021595569892346013,
      0.003685475511163107,
      0.006164423996027088,
      0.0055793784487662736,
      0.005548662639224287,
      0.007548390047058541,
      0.004803926799268501,
      0.006347232304177336,
      0.003919797100036205,
      0.0031060471209196066,
      0.002699045507847382,
      0.0038383380989578386,
      0.01687588680601839,
      0.015616307491806035,
      0.010186553501817361,
      0.009889180211513127,
      0.010479748601126387,
      0.007744979332145851,
      0.0022010994261139165,
      0.0034443306541024846,
      0.007690583749303353,
      0.009200269586400682,
      0.002883283006877347,
      0.004117086557438277,
      0.006233570478517209,
      0.010535076014679925,
      0.0018985910004722553,
      0.0017046081278682729,
      0.0008977767283650259,
      0.0006614961884949755,
      0.001463680463667146,
      0.0007099343068442297,
      0.0006587232807463315,
      0.0008554982297987166,
      0.0019389484839253189,
      0.0009977464954472547,
      0.0014199985304577721,
      0.001071942346552314,
      0.0009420425327248544,
      0.0012223480354579192,
      0.000863453141386527,
      0.001152330960944222,
      0.0012069971200138621,
      0.001436573118549677,
      0.0010448434019093996,
      0.0014964092473919335,
      0.0008430681728429199,
      0.0011941767316421595,
      0.0018897781104437001,
      0.0019493085938570446,
      0.001128878671991186,
      0.0011779730468830748,
      0.0016042449161897624,
      0.0014922382976373372,
      0.002677552166297969,
      0.0027782415976521234,
      0.0009857432768097785,
      0.002250761445578906,
      0.0010446708050403332,
      0.0016448030010838771,
      0.0015353505360538036,
      0.0029901355964041766,
      0.004812100886929676,
      0.007212730649512595,
      0.008111292992823805,
      0.0028142134062591364,
      0.004316262494488759,
      0.008060271142494201,
      0.0014348757038160206,
      0.0022748734340218442,
      0.0038680696182491706,
      0.0033707510297446576,
      0.003520291328122288,
      0.0035483942995472246,
      0.0024228449205950663,
      0.0030510365232977845,
      0.0008882801021392994,
      0.0015303852911092621,
      0.0010404098508046758,
      0.0018733359383295326,
      0.0013402169615158483,
      0.0011188806595587156,
      0.0004267174941589971,
      0.0017281110199444,
      0.0011076108227773083,
      0.001197083259298742,
      0.0013669036739196458,
      0.0011153775765808786,
      0.0019830817595037817,
      0.0009995249931631749,
      0.0017179987791545973,
      0.0021127247613890957,
      0.0012581488400149683,
      0.001287292745430803,
      0.0018970833278692326,
      0.0009421847010091393,
      0.0010261631354904256,
      0.0013679317728014554,
      0.001525022555263822,
      0.0013503010680383243,
      0.0013598277153803523,
      0.0011347743593544011,
      0.001906593837833215,
      0.000910171720651209,
      0.0013866905177166546,
      0.0017488747023272904,
      0.0010150775934673131,
      0.0005662115312580782,
      0.001588280273616228,
      0.0019791361810673988,
      0.0013116755287685563,
      0.0009660702715473314,
      0.000571708300869613,
      0.002275149566926021,
      0.0020517703515780424,
      0.0016089061054318727,
      0.0015839423501014139,
      0.002165430850407674,
      0.000853763406557688,
      0.000993159284053665,
      0.0018747411795154818,
      0.0019301806822715423,
      0.0032848951176024863,
      0.0038290983801702125,
      0.0011742005170782448,
      0.0020516381552495326,
      0.0017641252985117462,
      0.0015757698685573039,
      0.0015295693469640386,
      0.001987901304686614,
      0.0010169641811511555,
      0.0016467813356340778,
      0.0011309675859059978,
      0.0016920732555903632,
      0.0010373904644183016,
      0.0011400434023185265,
      0.008772458616592583,
      0.007287452033400971,
      0.0012890239299901528,
      0.002570391993670278,
      0.00032391844724995243,
      0.002230143899539214,
