{"_type": "json", "_data": "{\"monthly_mean_area_km2\": {\"1\": 3797734.8692117957, \"2\": 474159.390662707, \"3\": 19994.400111902374, \"4\": 0.0, \"5\": 6732.992898016665, \"6\": 510352.6346427051, \"7\": 4690209.750027224, \"8\": 4667749.04101738, \"9\": 7398878.799059463, \"10\": 9434811.891418107, \"11\": 7994761.655359555, \"12\": 14074298.942402478}, \"monthly_std_area_km2\": {\"1\": 2509977.134119357, \"2\": 480271.77607898903, \"3\": 34631.31686067575, \"4\": 0.0, \"5\": 11661.885786365281, \"6\": 613745.2934440062, \"7\": 2804833.419812279, \"8\": 1779353.171151949, \"9\": 2283677.80306794, \"10\": 3903677.058157931, \"11\": 2117853.8868137337, \"12\": 4641749.209371593}, \"monthly_min_area_km2\": {\"1\": 1347522.383174576, \"2\": 53658.97461834808, \"3\": 0.0, \"4\": 0.0, \"5\": 0.0, \"6\": 0.0, \"7\": 1066466.0636891623, \"8\": 2184903.806433667, \"9\": 3773924.756567243, \"10\": 3575297.137800546, \"11\": 4965690.469167423, \"12\": 7920937.4626061795}, \"monthly_max_area_km2\": {\"1\": 7570831.902490131, \"2\": 1255177.0224157178, \"3\": 79977.6004476095, \"4\": 0.0, \"5\": 26931.97159206666, \"6\": 1537038.3752804748, \"7\": 8770899.642811539, \"8\": 6951966.656834395, \"9\": 9931380.938334849, \"10\": 13705305.694902092, \"11\": 10924519.032168334, \"12\": 20509567.549289703}, \"threshold\": 220.0, \"lat_range\": [-90.0, -50.0], \"peak_month\": 12, \"unit\": \"km\\u00b2\"}", "_created_at": "2026-05-23T09:55:37.474898"}