数据名称,SNR_前(dB),SNR_后(dB),SNR提升(dB),量化噪声_前,量化噪声_后,量化噪声_变化率(%),角度随机游走_前,角度随机游走_后,角度随机游走_变化率(%),零偏不稳定性_前,零偏不稳定性_后,零偏不稳定性_变化率(%),速率随机游走_前,速率随机游走_后,速率随机游走_变化率(%),速率斜坡_前,速率斜坡_后,速率斜坡_变化率(%)
test_0,52.2054477912971,52.205447791297104,7.105427357601002e-15,0.40824829046387495,0.40824829046387495,0.0,0.40824829046385624,0.40824829046385624,0.0,1.1061838935529622,1.1061838935529622,0.0,0.5773502691896257,0.5773502691896256,-1.9229626863835642e-14,0.49999999999999994,0.49999999999999994,0.0
test_1,52.2054477912971,52.205447791297104,7.105427357601002e-15,0.40824829046387495,0.40824829046387495,0.0,0.40824829046385624,0.40824829046385624,0.0,1.1061838935529622,1.1061838935529622,0.0,0.5773502691896257,0.5773502691896256,-1.9229626863835642e-14,0.49999999999999994,0.49999999999999994,0.0
test_2,52.2054477912971,52.205447791297104,7.105427357601002e-15,0.40824829046387495,0.40824829046387495,0.0,0.40824829046385624,0.40824829046385624,0.0,1.1061838935529622,1.1061838935529622,0.0,0.5773502691896257,0.5773502691896256,-1.9229626863835642e-14,0.49999999999999994,0.49999999999999994,0.0
